degree,alpha,n_terms,cv_mse,cv_r2
1,0.0,6,8.824575110868684,0.08442243557679785
1,0.0001,6,8.824575085114647,0.08442243824886053
1,0.001,6,8.824574853330672,0.08442246229718064
1,0.01,6,8.82457253572379,0.08442270275622132
1,0.1,6,8.82454938293353,0.08442510493140243
1,0.3,6,8.824498083664835,0.08443042739269924
1,1.0,6,8.824320174872845,0.08444888599228195
1,3.0,6,8.823825769942703,0.08450018206672083
1,10.0,6,8.82225229491845,0.08466343507463203
1,30.0,6,8.818977312687679,0.0850032248341055
1,100.0,6,8.81801896993842,0.08510265592390032
1,300.0,6,8.855845960217756,0.08117798610192095
1,1000.0,6,9.029695555889473,0.06314054096929078
2,0.0,27,2.7620187143608828,0.7134318269588729
2,0.0001,27,2.762018684004093,0.7134318301084858
2,0.001,27,2.762018410814707,0.7134318584527481
2,0.01,27,2.7620156810712224,0.713432141672264
2,0.1,27,2.761988598545235,0.7134349515699498
2,0.3,27,2.7619298116036726,0.713441050900977
2,1.0,27,2.761739135924643,0.7134608341054495
2,3.0,27,2.7613213774343226,0.7135041778694584
2,10.0,27,2.7612592156014055,0.7135106273561325
2,30.0,27,2.7712748646942327,0.7124714721008009
2,100.0,27,2.879590560388376,0.7012333762597551
2,300.0,27,3.3749523385711138,0.6498380258118568
2,1000.0,27,4.847810725560806,0.49702431209102005
3,0.0,83,0.9782129978822796,0.8985073090958131
3,0.0001,83,0.9782127869545416,0.8985073309802327
3,0.001,83,0.978210888860941,0.8985075279134441
3,0.01,83,0.9781919332525606,0.8985094946177369
3,0.1,83,0.9780048897389466,0.8985289009735653
3,0.3,83,0.9776052093987122,0.8985703690723533
3,1.0,83,0.9763670831047636,0.8986988285893748
3,3.0,83,0.9739522880035292,0.898949371214894
3,10.0,83,0.9731933298997144,0.8990281155174197
3,30.0,83,0.9969529480755648,0.8965629800216293
3,100.0,83,1.1640523785949561,0.879225885862499
3,300.0,83,1.732029521219789,0.8202964617985564
3,1000.0,83,3.2439534126696454,0.663429578494229
4,0.0,209,0.8334225922187406,0.9135297714017881
4,0.0001,209,0.8334183132411417,0.913530215359241
4,0.001,209,0.8333798136004059,0.9135342098186742
4,0.01,209,0.8329959185068313,0.9135740401482201
4,0.1,209,0.8292639073395972,0.9139612481046335
4,0.3,209,0.8216096839319901,0.9147553979800713
4,1.0,209,0.8001889397106512,0.9169778679093205
4,3.0,209,0.7642314520218917,0.920708570927566
4,10.0,209,0.7236081555187736,0.92492336636008
4,30.0,209,0.7253076981607751,0.9247470334382966
4,100.0,209,0.8481561674987058,0.912001116390006
4,300.0,209,1.1493983483982324,0.880746287820433
4,1000.0,209,1.8337051057136604,0.8097472984855772
5,0.0,461,1.6091786040507294,0.8330426328170646
5,0.0001,461,1.6086914341123921,0.8330931782382321
5,0.001,461,1.604333180145193,0.8335453608648508
5,0.01,461,1.5631866621597363,0.8378144421801903
5,0.1,461,1.2983670488805301,0.8652903142183855
5,0.3,461,1.0452906184191988,0.8915477939161127
5,1.0,461,0.7751746088519541,0.9195731838124142
5,3.0,461,0.6078786437794124,0.9369306690527284
5,10.0,461,0.5169274403258058,0.9463671439303516
5,30.0,461,0.5027003262871251,0.9478432519873008
5,100.0,461,0.5799630094663791,0.9398270043609491
5,300.0,461,0.7984305004350933,0.9171603115430222
5,1000.0,461,1.3659387309077589,0.8582795385972146
6,0.0,923,71.07375597387997,-6.37412686406023
6,0.0001,923,62.154231248008585,-5.448697976921214
6,0.001,923,43.64934291487829,-3.528757313817386
6,0.01,923,18.711311774889285,-0.9413577477420199
6,0.1,923,4.870603516790854,0.49465948794723646
6,0.3,923,2.4070342474068425,0.750262587599297
6,1.0,923,1.301824042377711,0.8649316402146392
6,3.0,923,0.9025904635389119,0.9063533860955242
6,10.0,923,0.7023518674176671,0.9271287734469684
6,30.0,923,0.6263664259314197,0.9350125032099929
6,100.0,923,0.6435632236486469,0.9332282810834879
6,300.0,923,0.7895190522366006,0.9180849024649139
6,1000.0,923,1.1951788273408137,0.8759964184066918
7,0.0,1715,6.999114493079593,0.2738197454061755
7,0.0001,1715,6.958715175188174,0.27801130234967375
7,0.001,1715,6.71011906077729,0.3038039350937769
7,0.01,1715,5.875990574084503,0.3903474024751785
7,0.1,1715,3.768900378782715,0.608964671272442
7,0.3,1715,2.6407103849204834,0.7260179496240302
7,1.0,1715,1.7250203972937266,0.8210236805634644
7,3.0,1715,1.1667377943177009,0.8789472654919991
7,10.0,1715,0.8173554145816033,0.9151967918739745
7,30.0,1715,0.6762274936836543,0.9298392598074969
7,100.0,1715,0.6425298961106048,0.9333354920821644
7,300.0,1715,0.7266955914991515,0.924603035116965
7,1000.0,1715,1.0458287194194602,0.8914919642362649
8,0.0,3002,4.207379330363138,0.5634710939052566
8,0.0001,3002,4.203767424170434,0.563845840590881
8,0.001,3002,4.173654900905208,0.5669701100728026
8,0.01,3002,3.980085579582794,0.5870535390806364
8,0.1,3002,3.2219789211217287,0.6657095014591432
8,0.3,3002,2.5786762448061737,0.7324541877661923
8,1.0,3002,1.89136618666738,0.803764779055651
8,3.0,3002,1.4012543023383062,0.8546154364200151
8,10.0,3002,1.0268867304079088,0.8934572554765385
8,30.0,3002,0.8376643823149809,0.9130896722699526
8,100.0,3002,0.773814107757081,0.9197143401018886
8,300.0,3002,0.8324755202661288,0.9136280331108009
8,1000.0,3002,1.0751554489977106,0.8884492233334557
9,0.0,5004,4.663370630143253,0.5161605550514772
9,0.0001,5004,4.661970540479764,0.5163058187800948
9,0.001,5004,4.649575983568391,0.5175917932419183
9,0.01,5004,4.541063136805757,0.5288503441295632
9,0.1,5004,3.905050099123991,0.5948387073840011
9,0.3,5004,3.1984880374654647,0.6681467548989899
9,1.0,5004,2.316083656431452,0.7596989989303691
9,3.0,5004,1.702653642850929,0.8233443020437629
9,10.0,5004,1.247535523901364,0.8705642456260316
9,30.0,5004,0.9875859444928173,0.8975348362547608
9,100.0,5004,0.8641624669184502,0.9103404122253252
9,300.0,5004,0.8750858905511518,0.9092070724917812
9,1000.0,5004,1.0574761559420496,0.8902835058766106
10,0.0,8007,4.465403434328107,0.5367002774407039
10,0.0001,8007,4.464584816411316,0.5367852116374253
10,0.001,8007,4.457255079362946,0.5375456950273103
10,0.01,8007,4.3874295460856505,0.5447903148406585
10,0.1,8007,3.8951455367312957,0.5958663370430215
10,0.3,8007,3.321262832082507,0.6554084818358957
10,1.0,8007,2.570205008429907,0.7333331053199093
10,3.0,8007,1.9931358407620643,0.7932058557242102
10,10.0,8007,1.5054333043149628,0.8438065356292737
10,30.0,8007,1.184944323274784,0.8770582805573481
10,100.0,8007,1.0152907134374107,0.8946603788951134
10,300.0,8007,1.017332833823584,0.8944485024493989
10,1000.0,8007,1.1685315857767895,0.8787611539574989
