x1,x2,x3,y
-1.0,0.6399205193266355,-0.03540875590344106,-1.5413738463815294
0.3416503856663735,1.0,0.9616643111425742,9.56514621635425
-0.18941303241717566,-0.4534007873238928,0.5177094291905646,0.12374045723990285
-0.9113048808476392,-0.27058066364212685,0.9703598539108922,4.070841852405799
1.0,1.0,-0.5845991795877468,22.724336007493697
0.5719842022375212,0.1112775425033945,0.027079678992126377,1.1977580012189464
0.8447289130533557,1.0,-0.4160442602088106,13.53992128611178
0.4896825463005623,0.5145337040720217,1.0,4.1567705472370085
-0.3628383491053715,1.0,0.2717706172048988,5.164638213640371
-1.0,-1.0,0.9725709606062509,21.223552025395545
-1.0,-0.06514741912356792,0.6496463718361021,-2.968185924427479
-1.0,1.0,0.15942084825416902,6.321981200710301
0.5550987117677371,-0.8720493052971903,-0.08806305782278101,0.5295260752083502
-1.0,0.8716794944012356,-1.0,19.928410286059016
1.0,-0.09898451795075314,0.04030752380472569,4.94874606536294
0.6505567569841466,0.9033788505799252,0.13678641021200622,3.6964148791313796
1.0,-1.0,-0.8355279623382204,-19.02475104139825
1.0,-0.15583502562827967,0.7820408318466319,7.678463535233227
-0.8105994880677367,-0.021802775705795918,1.0,2.3955534445662794
0.3864065243757293,-0.05962959098056708,-0.11063140938538396,1.8297538473949615
0.10362631484998386,0.261558193854321,1.0,1.6990436942254372
1.0,-0.6995246942333953,0.10853495415165315,2.699321737702822
0.77473303742401,0.31758606829578095,-0.3261404642429637,2.249985684998327
-0.7647393535451181,0.5090343017344707,0.370246935830417,-2.1583094724669434
-0.20845535543320182,0.6055891239231534,1.0,4.586929457112612
-0.17555316614268812,0.02031255284747191,0.41312134746370455,0.2930602577563073
0.1805001902074681,0.10443568934442138,-0.9298046797202999,-0.5117880979579451
0.22524235692357997,0.6149242544662306,1.0,4.89936526693551
1.0,-0.9601787300379829,0.823647992136793,-4.321922636433234
0.9959385650284978,-0.642508870293619,0.048234113950044843,2.400971741746413
0.5637101174535026,1.0,-0.5379183720888709,11.095560473982864
-0.023065238025537615,-1.0,0.028006846385807194,2.5947266545289134
-0.5438490966335281,0.27623483264604576,0.7310552066890856,-0.3603524321472845
1.0,-0.5251626385603136,-0.7705727774158946,6.128663500855249
0.13695705516815782,-0.9493659999879613,0.563693435222353,0.9289639975539878
-0.5602734598572041,0.04342887667277151,-1.0,-0.5450310085921515
-0.4104963847649701,0.07965943157885258,0.6125946153863959,-0.8519429612096296
-0.06748133550681579,-1.0,-0.9362836540485384,-13.184877429669632
0.36084750884275674,-0.9915675954217718,0.1557180873653432,1.7419359098914553
0.5639021823291133,-0.2044397652779979,-0.04356730034180312,1.9541377449467525
0.820033834456966,-0.9258111010645456,1.0,-5.532792173372502
0.696386594571714,0.032131984426814864,-1.0,-2.292818811076547
-0.533776262194829,-0.3900014246287613,0.8656388377897661,1.1849840556100024
0.4501629003739973,1.0,0.2356035402773191,6.882206419447956
-0.7528681201138414,0.12481360676917674,0.12983368725905775,-2.3680220154511504
-0.062275561042025585,-1.0,0.5192089561880393,0.2992987636137955
0.7396579403518926,0.9292576527203174,0.3990480342860989,5.528377049383952
0.17475885138982972,0.34088306556255366,1.0,1.1656835780356478
0.23647665454364297,-0.030530544379576918,0.5457899617158204,0.8459572484523805
-0.3250243724418622,1.0,-1.0,1.2715015746977967
-0.5142345994086968,-0.9856849530315897,0.7672576864218461,2.092286089066496
-0.1162015048245415,0.7457303248832226,-1.0,-4.291220906144925
-0.05250607685931841,1.0,-0.052550702527207394,7.5872370117517365
0.3601949908074158,-1.0,-1.0,-20.36990341065371
-0.21565805675375382,0.969065490579921,-0.7279767805115418,6.185996085085856
-0.11998408949819317,-0.9216945718084868,-1.0,-12.687702928350697
-0.6227341356782297,1.0,-0.10653718210332142,4.83557202624999
-0.4855026009321721,-0.7658983569878717,-0.2593359977441776,1.840852403144976
1.0,0.03776603779271004,-0.6188445476454396,5.813650927479697
-1.0,-0.5378076762137951,0.0179542035954674,-0.6069475673539981
-1.0,-0.36540037131225556,-0.35647679624925566,-2.2296387742997372
-0.43678257057425496,-1.0,-0.04271245731720197,4.061887517143759
0.7082773071768875,-0.8522991997426932,0.12658016962178698,0.294558181137057
0.4880246506299577,0.7995422256421014,1.0,7.1027023784863745
-0.6508354833485088,0.1482328210984396,0.13007439228879347,-1.71436516213923
-0.5933386278927759,1.0,0.4191497366544856,4.348226117313258
0.4572313825218959,-0.12007315241331717,-1.0,-3.4720051897267363
-0.29488400038890017,-0.5097842487202511,-1.0,-4.176985338730217
-0.3698802738544873,0.46698811539821006,0.13657278838200182,-1.3291121291121395
0.8516027487659994,0.5459854476022532,-0.8510237591587473,3.3698202677545543
0.64853231006974,-0.8901219272219651,0.914213284139116,-3.3772681997966263
-0.3791248828782643,0.6604962788787896,0.07059089775606386,-0.2944618270212793
-0.6914598860408097,0.5167005655787564,0.19855046525755737,-3.1072155806124195
-0.9965883592169384,0.7380397373509062,-0.7984343430678209,9.631768387217493
1.0,0.5873326586597163,0.5226908438798423,11.151132776268616
-0.9862408637310727,0.6029150809530206,-0.04625665522091049,-2.4391916665027757
-1.0,0.681715314321397,0.4113351925205435,-2.457843922349511
1.0,0.034791843937786116,-0.7274297200574318,7.24227665215361
0.4829413821726607,0.5680243510518213,1.0,4.89290806666927
0.6210707683346228,-0.7414865827810546,-0.9494062106341317,-7.5547626270946235
-0.3259204470397645,0.22730993451050918,0.68637297609818,-0.4261426774063832
-1.0,0.5560969250259182,1.0,6.254379979002697
1.0,0.23211952076537257,0.6482658154057701,8.9181356871751
1.0,0.2561945272510504,0.13058790937566367,6.352885120392683
0.22963838117039237,0.11761787450939165,-0.5705440664977415,1.2265543394831449
-0.2450299263880824,-0.48759640498864987,1.0,-1.2114645794420067
-0.6814769259560727,0.23687886692124627,-0.5044804622204044,-1.4905045089818099
1.0,-1.0,-0.1812066706137958,-8.805307523761087
-0.24858587696694912,0.04177008976404584,-1.0,-1.8378180962540793
0.41699030246715063,0.06752391617292575,-1.0,-2.919265794168157
1.0,-1.0,0.749220146401224,-5.9584073279396375
-0.4234256401890717,-1.0,0.533754531822608,2.891103749894341
0.09944942439991422,-0.038882247148789295,0.10286882569326461,1.2353260501236774
-0.6218035838457354,1.0,0.5751826936334103,5.209641571240693
-0.6554165506676504,-0.1425709518542324,-0.24508047484246198,0.12062787621423285
-0.23974743491266692,-0.8420097087732963,-0.32292456524667945,1.9932785891954192
0.5467571903736506,0.21949836978513737,-0.6549280456740221,1.0885448640224924
-0.2596269619285134,-1.0,1.0,-5.1026438665790765
-1.0,0.48458046264171095,-0.7498775296876206,4.5825630524450505
0.6536893713627079,0.8147830710226787,0.8283652820814817,7.263174722506438
-0.08326541422040368,0.9778608900767454,-0.1719733211340324,7.1311542979465985
-0.9780534320518162,-0.10464393479989531,-0.7587287820467508,1.6158752289014224
1.0,0.6639572322455674,-0.7296031600006407,7.99068214044135
-0.08701873322045262,0.6799977883683181,0.6222154196715439,1.5579126293920682
1.0,0.15920058335018816,0.863145742730633,11.54788142839742
-0.7785511449840385,-0.3120852081662884,1.0,3.927031332311591
0.7362977948204057,0.7420944964935181,-0.09920499240893466,3.541851591244267
0.314728472660303,-1.0,-0.07109383052839346,1.3884995615613989
-0.9646677553700231,-1.0,-0.46161971981960725,5.282305228942031
1.0,-0.5823689072315819,0.47868986863866736,4.619137840019279
0.0019423683291335259,0.9539699913516828,-1.0,1.1734136175391319
0.4904406393953691,-1.0,-0.41720267711800396,-1.7344642287677985
-0.950094157847374,0.2487595945278085,0.6577049697038193,-2.669836350410291
-0.041731188983128,0.9266089405298896,-0.6710129969456695,4.769319834805115
-0.809055978882401,-0.6803795092776255,-0.5800094046604547,1.9501380414678589
-1.0,-0.26622850082601013,-1.0,6.880238600070193
0.10828870444038152,-0.18020142519214533,-0.06844000515817661,1.0288526752516058
-0.3101047790427771,0.0353605580584162,-0.7684715628246432,-0.2081796758195433
0.007310679396759001,-0.7266181601322352,-0.9552762514185289,-6.249982916034104
-1.0,1.0,-0.7491505412798283,13.595357287762557
1.0,-0.8935906520542081,0.06544558001928436,-2.2636924497868516
-0.3456239459037631,0.3854066156019509,0.062167577565073184,-0.46189797288403983
0.4217627196065543,0.6496991029966439,1.0,4.933111904578804
-1.0,-0.9634523555670111,-0.6014213358445903,4.1402545199501475
-0.3684733679586423,1.0,-0.8375097784784475,5.10785033414782
-0.7711483304821161,-0.8755429607620169,0.7922136781949303,5.139089200778791
-0.36331437409380696,0.8567865188111239,-0.6712811399181722,0.35093609864339226
-1.0,1.0,1.0,17.33426757049593
-1.0,1.0,0.009419621187654936,7.581596434713285
-0.12398863892590839,1.0,-0.5247340306904036,8.271653237460368
1.0,0.22148230837222016,0.8047552889510292,10.934433991394679
0.7246695192108805,0.9633922832089292,0.8394362650366081,9.963486396030673
-0.04305951200257163,0.049883940728427945,-0.55964069332722,0.22545532338662222
-0.10281473899176419,1.0,-0.5062259391846391,8.810095054098609
1.0,0.5123527345182821,0.26077013780173597,8.715267868282899
0.18608996039517023,-0.9428686370195583,-0.9369898134027015,-11.392358609859171
-0.2207803606169283,-0.7200246054657813,0.8821993451796886,-0.5805395886660064
0.31527576006639335,-1.0,1.0,-7.298114525966617
0.9154436948924927,1.0,-1.0,27.328150875053907
1.0,-0.41394393490799386,0.29521062215824956,4.052692995832898
0.48532592884222314,0.638214704153405,0.9650109217619356,4.163527933504104
0.3274632936391806,-0.43184081205480584,0.2246651205740997,0.27258148132581805
-0.06519188400762443,-0.8078329695316366,0.9726061306593481,-2.270618946642779
0.027527373751171202,-0.3262442705813142,0.9071509361461212,-1.3576226651353491
-1.0,-0.4641260561366911,0.9653660774890171,7.327340037126015
-0.6376896662020031,-0.46524235089082544,0.13628085380872412,0.9360398118578019
0.3688190429685234,-1.0,0.8228685225352483,-2.8238380269763965
-0.4042585921137758,-0.30667742931728714,-0.16480861528335855,0.5711523155680318
1.0,-0.7959886990064113,1.0,-0.8314461125360728
-1.0,-0.10322928564511002,1.0,3.9842041556453287
0.560492967945085,-1.0,-0.08368064044076551,-0.37228619621007464
-0.39406757387911817,1.0,0.2748845512100475,5.4641722117677896
0.1469683062990006,0.15111779776566236,0.9498808539068277,-0.3315535211115182
-0.014782684466010831,-0.8220992726479412,-1.0,-10.11636942126348
-0.08157995496627479,0.39600450858258984,-0.5026093667471576,0.3322679262450491
-0.33543947661849827,0.5907262019891,-0.8706929316781682,-2.7047841962022465
-0.5145656542903587,-0.03682962198637063,-0.4402209271054389,0.8379147512853203
-0.40474525574935627,0.12363163531283572,0.6708608604246336,-0.2997837778982321
0.6481674719184547,-0.7477285114077528,0.35041318957628764,0.31852907850518725
0.8486639013970108,0.14168766310907,0.21731973222716183,3.463188055553107
-0.8838538418325312,0.43458737570646133,0.08841177969742176,-4.312899759614887
1.0,-0.9556891005060262,-0.9582603109390377,-19.051361409785688
-1.0,1.0,-0.036974700338011646,7.276544370156604
0.3009835837813901,-1.0,-1.0,-20.069489153208306
0.40653429403433283,-1.0,-0.1842660974839565,1.915674578675097
0.9155890881345436,1.0,0.2799127556114185,10.159955399165542
0.3233778852081244,-0.9175076656430665,-0.10240821020656465,2.5596909579258535
0.7445508445836078,0.3274088991892652,0.28460778453055235,2.680416783979554
-0.16174232125262278,-0.8796227675032495,0.17386512269885324,2.12589502520169
1.0,0.7463007022126236,-0.5742605638779916,7.501029280452892
-0.2715099054424517,0.2837025891324949,0.12710856924571812,-0.48607084310322357
0.27500273522357155,0.25860471109585204,-0.7150096844133143,0.4773913013945458
1.0,0.7406144825787784,0.21638017283679267,9.013442328546025
-0.11539065251133462,1.0,1.0,13.776080588550819
-1.0,0.8927403262996774,0.5621958811246044,-1.2953666017754273
-1.0,1.0,0.2741506752764842,3.946619974923615
-0.3634355592657079,1.0,1.0,14.914553669170575
-1.0,-1.0,0.10969762543455319,8.237398253688502
-0.030313734454106678,0.45609769252525023,0.4393491303299122,0.5621668957696588
1.0,0.2466847123694662,-0.6529262796112365,6.073904584162632
0.5017093409172737,0.08330225247059064,0.20538319060264199,0.7259402623275938
1.0,1.0,0.5101312731284822,14.0751966784556
-0.27401878018592796,0.5370150826033118,-0.8403667034120459,-2.111590662790498
1.0,0.41391249598578095,-0.06385827557144208,6.134039372913677
0.6666701899284992,-0.11244727078764116,0.6692850049613042,1.4359922606337197
-0.41829613980634406,-0.09739006490178292,-0.9660012946590748,-0.9729118508782243
0.8662036932484614,1.0,-0.06110150595555197,10.828546212446636
0.993087705701815,-1.0,-0.3320630822526316,-9.607742519562017
-0.07903782798892345,0.04426216880450107,0.012543920407741771,0.2774397998648713
-0.6703236113814723,0.08176424611603728,-0.5001590072087443,0.015605076113082594
0.8780964118865531,-0.05474352311811481,-0.984604023126572,1.9160409192601344
-1.0,0.10739764489788128,1.0,3.63893199450317
0.717235226462489,-1.0,1.0,-7.036751257752884
-0.7760213841710744,-0.11363935207676157,-0.2859575891600761,-1.0947582180964623
0.5779968194760787,1.0,1.0,9.820067670895195
1.0,0.28308801259913285,-1.0,10.087446351446632
0.8057015842247115,0.25270793322975926,-0.3183094807847302,2.4087226098053387
1.0,0.47654428294499773,-0.11580986657010905,6.2267746984088
0.633473662211905,-0.09713336983457332,0.0021107696983564406,1.1946138683137226
0.354400578850659,-0.8242128518027789,-0.26732054240247916,0.7387962710431398
0.6413067622230344,0.0829706779794912,0.4573020423345866,2.1135465407107423
1.0,0.36668994140614286,0.026868074665141295,5.342512064096801
-1.0,-0.6216142544171883,1.0,11.998036415582108
0.6209629509208512,-0.25367665757458724,0.8171790637990359,0.6327670631927658
-1.0,0.44022120850715263,-0.8524790169058885,8.673777968532704
-0.01658074213431049,-0.25756233475864376,-0.21900778184949665,0.8553906805472493
-0.49533863482848717,-0.03139355603245053,-1.0,-0.45658439244797366
-0.4952606685510583,-1.0,-1.0,-11.866171476968843
-0.15001742745873514,-1.0,-0.8138584368764368,-6.678288002851811
0.5421504334935758,0.8525929292578593,-0.9519697652941863,1.1667570087412562
1.0,-0.5916517559897168,-1.0,-0.14231959503163857
-0.6207445940025609,1.0,0.2580254158153332,4.635808609382825
1.0,0.5255479807990737,0.19024768995732022,7.717015796504892
-0.7062058926659607,-1.0,-0.22277509839501208,5.112078636985068
-0.2631402332655999,1.0,0.8519802544082304,11.224115539315177
0.22857575522234974,1.0,1.0,10.795658160362981
0.6257274071359948,-1.0,-0.27562924798125277,-1.561340340233057
-1.0,-1.0,0.35001614780475454,10.76292171342937
-0.2604401368130915,0.8690210240420826,-1.0,-2.2409780659627025
0.4221121885161778,-0.13880734423466334,0.4826693017771597,1.5201090105067714
0.5097436711728027,0.061006636593929464,1.0,-0.3178808477737071
-0.5468391249207036,0.07069173471330736,0.08687629117441831,-1.0366073293751676
-0.39865856570170455,-0.47844188268132637,-0.041663407577444245,0.3733593297698412
0.03250716421096378,-1.0,0.7534695176314872,-1.2340896224608773
0.17580915893480786,-0.3994972603210243,0.8016656749194371,-0.2119091296510237
-0.5834988799794218,0.9862323107385538,0.40479105753786904,4.79647027387268
-1.0,0.5176681071601006,-0.08374482031261943,-2.7609084477744616
-0.47156892433078124,0.6901455803430825,-0.38322608571942496,-1.1373895548658965
-1.0,0.4566402039757447,0.4458943169154268,-5.043224541902977
0.7182122301528924,-0.533655111852587,-0.3963301614603558,1.3984209029596488
-0.23293532807292539,-0.5181251140329362,0.14718591627228195,0.46088796389337217
0.9465803777289601,-0.7107374462463067,0.20075679337442387,1.0615347378659155
0.06176889156338761,0.23589234310974905,0.33006750406540575,-0.0794068690208864
-0.7819783558951194,0.1422227715971376,1.0,2.6402581887689722
-0.07090642429939464,1.0,0.4682834718041282,7.288375898518813
0.4248864411883795,-1.0,1.0,-7.6235640952430135
0.12090727646956112,-0.9149850290875812,-0.010484520429028699,2.2090106651636994
-0.08165386999626545,-0.48445970714230135,-0.5273408053395112,0.44119967501060514
1.0,-1.0,0.7881950056117937,-6.416185836067951
-1.0,-0.3473885736763993,1.0,6.707430458548853
1.0,-1.0,-0.7579075505736241,-15.956461028624322
-0.2817225883617398,-0.3898501680545656,1.0,-0.007774930227347189
-0.6478094644338339,-0.788859684584934,-0.3067377084332834,1.8300421227115202
-0.08423244383805795,-0.6209476129897886,0.08844039390118263,1.40532555436384
0.11362150887885902,1.0,1.0,11.303547506116825
-0.3552865682921009,-0.47530543327339525,-0.7114680255264352,-0.4806562074683923
0.8926622323527409,-0.7277105491331686,-0.3906294449758778,-0.11556896519257487
-0.6052404871093822,-0.488031356836947,-0.13510162169890183,0.6662229652872116
0.6223135561618771,1.0,-0.35005963150591635,10.889567689981376
0.5662290790664328,0.10814059893650985,-0.34096116672199916,0.6538497670648321
-0.03530988372475985,0.007651998801279092,0.25269632396739894,0.31958973791849377
0.8805200801360342,0.22170104632840548,1.0,9.347434203898139
-0.19642040803477157,-1.0,0.8308913297873355,-1.5724183096402076
1.0,0.304471533094943,1.0,17.731424407370827
0.02804209644966682,0.08156536976509376,1.0,1.37753467524663
-0.8707571322643277,1.0,-0.703572085760938,6.1372842774173195
0.8484713236203734,-0.7737256831864492,0.578036031471836,0.6485467258436988
0.1594373397599338,-0.7244004017997825,0.6043754737827889,0.3135176254553989
0.7813103085276909,-0.23578047238690036,1.0,0.7265161890188526
-0.6761907296596354,-0.42705380088031264,0.4651725045618822,0.9152781703530022
0.9403194933930841,-0.2617624214521683,1.0,5.204012553505662
-0.9508519104554507,-0.12967561661177252,-0.2996784198441429,-2.712693389901983
-0.6658968318039105,-0.9021088146952676,0.43088028710796,4.34570755075954
-1.0,0.4358543956991614,-0.9507750131263923,13.104648476556271
-0.8603182620497514,0.958462994072977,1.0,14.751027083769873
-0.10155372409984498,-0.8810942092668019,0.15116063171196137,2.0862354638089653
-1.0,-0.058355905289891874,-0.06704343676775704,-4.191490934462911
0.5774247892853501,0.4783127921129162,-1.0,-1.9722941253149868
-1.0,-0.18073347360915126,0.0756569034586454,-3.6388352908341686
0.16515360182975392,1.0,-0.2859154489596363,9.518660109966573
-0.7734936724759687,1.0,0.860922187126854,8.147047258302853
-0.9960185114649347,0.13285125321638946,1.0,2.934399294871914
0.2300442452522089,-0.28068706405499766,0.031189411943369105,1.690740547768533
-0.0979606913943658,-0.5854015050489931,-0.4667653498620459,0.8965727922808103
0.25118781783861377,-0.1842762058752292,1.0,-1.2193005016302272
0.6942304828273427,1.0,0.6271083567545264,8.661978091791857
-0.4839874873702046,1.0,0.19712819390819436,5.67872886670008
0.18268811223124093,1.0,0.7180230232545963,7.924884099771446
-0.27955496648105904,0.8303827181667975,0.1550762046037215,1.1714078652040574
-1.0,-0.39373744294641955,0.3228429925092282,-1.100954391991897
-0.9684864191104765,0.2363647265436597,1.0,4.306570637091154
-0.41928928826965883,0.6453338999227609,0.21091379185510584,-1.257970492437369
-0.4727809155376861,0.1255003181433032,-1.0,-0.536522831422174
1.0,-0.31008050065942827,-0.5119438913447381,4.9145399224743755
0.39616136964423787,1.0,0.08698012329292415,7.6106448226370675
-1.0,0.0212897021471814,0.655355871072268,-2.9935729645128952
0.5459427215461417,-0.6167385281508593,0.440981718452651,1.015250804364825
-0.7657382541735791,-0.026327550019442647,-0.6814458640998657,0.8850560858966956
0.13299516141112577,-1.0,0.8254824717065752,-2.295210957873974
-1.0,-0.5392990370324631,-0.7154716472239582,0.8226419600914193
0.5570869581677751,0.8435397928315278,-0.30999370613352606,3.774360768313661
-0.2707710601812032,-1.0,1.0,-5.353924555965752
-0.8376423962514317,-0.21616241991655105,-1.0,5.842766113453959
1.0,-0.2895016937781023,-0.1930868445575742,4.026109201013708
-0.16226292549198984,-0.8798553739746222,1.0,-2.923764674900328
-0.9242324494936764,-0.8583255168949349,-0.8712031670798512,2.6060951746034133
0.6871005601010871,-0.5474435209553001,-1.0,-7.7287973747376
-0.6085972279086735,-0.5566442303381309,-1.0,-1.8626545751041643
-1.0,1.0,0.6909648094443619,1.7945817820949175
1.0,1.0,0.10528197260211214,12.800789672059846
-0.04605616988301975,-1.0,0.014351612471183994,2.077566937211403
0.22700148259721575,-0.21270714187983852,-0.9241818757366098,-1.7108923643070773
-0.1496164407564562,0.5286040445829865,-1.0,-3.8697703059574002
-0.12476790100600188,-0.652565036136828,-0.5626959119242669,1.1483257345357252
-1.0,-1.0,-0.10634735787205107,7.235977009188896
-1.0,-0.9074488114813903,-0.8731328170930526,3.2399979948919366
0.970066740504687,-0.4720011931434187,0.944607098460772,4.440499336946522
-1.0,-0.24723739249607224,-0.8074765144338663,1.7807548571166536
-0.4718016811389534,0.5840615690129558,-1.0,-3.8845745175379767
0.4495698608319889,-0.34499043697237797,0.2829621475615718,0.5059362668165704
0.16853830409413906,0.027434332117986848,-0.28190227114699407,0.575776642230531
0.819767925982908,-0.29624835827828266,-0.2362277753500115,2.0540476313750307
-0.7453411089622533,-0.9214448832585893,-0.026823549033290428,4.6225749542623875
0.043527224424986466,0.640135878083949,-1.0,-3.9839227639933035
0.04823998838804133,0.16374800250935295,-0.06762155139434456,0.06612279925536302
0.027909727310446497,-0.9328626266684266,-0.15505811239313094,2.2779721696901785
0.12081232032798939,0.9914665716758395,-0.6256506598399352,9.770926515791437
-0.19231501428145625,1.0,0.6907949877006299,8.67808050869587
-0.7438190315023796,0.5636200268324842,-0.15154793560328872,-3.078273440669169
-0.6115855445096561,-0.6999847841778473,0.3267298946913162,1.3020918159636607
-0.7114889627259819,0.6335293468939667,-0.6754879969181764,-1.2662535094805667
0.8779320804788968,-0.2701388213671221,-0.2648110190235451,2.9237894721893998
-0.156646359389925,0.10989748203594596,-1.0,-3.6403082247309597
-0.008647144571026777,0.5922086303816885,1.0,4.952162058666496
-0.7502745089723959,-0.059773879326250334,0.6271951558266782,-1.0884907688072751
-1.0,-0.3773793192699051,0.6785326434010488,1.2911898515820521
-0.6311759754791753,0.19903193750871417,-0.9206283684425156,0.33249890450212727
-0.02314011465064847,0.23015527106418632,-0.17926996347392254,0.9218809499965039
-0.33544003539531286,1.0,1.0,15.622286414595072
-1.0,-1.0,-0.10331436968405217,7.080504775192445
0.14575059675201696,-0.17914030373953782,0.9159171997504554,-1.309373493655439
0.7657157906169823,-0.3293508611787104,-0.28298658103986307,1.3904646920882162
-0.19808446091528298,1.0,0.020421227422596777,6.697129982414689
0.4791125196100112,0.5571422626383364,0.2537270832709604,1.3404659582026561
-0.08944878030235759,-1.0,1.0,-6.599430720854526
-0.33926425391152115,-0.06486624713252986,1.0,0.4081059186291497
1.0,-0.6269193573396312,1.0,2.7294095863462013
-0.392376406023635,-0.17930383480749867,0.637263830618849,-0.1309883315964565
-0.40303064074716066,1.0,0.9092979924432327,12.5650444647775
-0.06260881415558561,1.0,-1.0,3.413349178855973
-0.43846352594821036,-0.6247464876129791,0.7577485026928645,1.128026412278515
0.6735895627360975,-0.3318447165582028,-1.0,-4.241890023743959
0.34277468859409255,0.3759528388678237,-0.14674035525745177,1.4063485550511785
-0.7803470237440606,-0.7222689876375172,-0.1031297460961147,2.0202006377337556
-0.549208720071507,1.0,0.7300265793994642,7.798686833852883
0.391279917100237,-0.467716548211222,1.0,-3.138407734095867
0.8741675544646186,-0.1892278588627605,0.8031276039903352,4.935291716249485
0.270457237917638,-0.552838393081019,0.6692951703319105,0.29204085973004995
-0.5690661256409211,-0.1636387542558131,0.06893408917213661,-0.901915151380403
0.2394547885956133,-1.0,-1.0,-19.746729877245293
1.0,-0.6858458561499792,0.2988587969573462,3.5080467510895015
-0.24639677391706294,-0.8081298505370209,-0.23396506911270532,2.1340916595812987
0.7104078611076161,0.00816171880579919,-1.0,-2.5965821042948143
0.7157536135295679,-0.7359509318236941,-0.1145961237192421,0.8087562755018812
-1.0,0.7888602573541279,1.0,11.647856909462131
-0.051006912540562555,-1.0,0.3763547496477766,2.1572433802457613
0.22739464055502712,-0.026445248786767683,1.0,-0.14059801134951821
0.3658499648804632,-0.7209244850306364,-0.939411229886034,-5.614592218950793
1.0,0.21280873689843682,-0.6485654246012955,4.997519704469906
-0.19048478612098418,0.356163390465571,-0.8215118842631464,-0.6193455429645665
-0.875318987862225,0.590639487046021,-1.0,7.593881049820242
0.686044916546175,0.31882560645697855,0.30894608192502604,1.3536425571262576
-0.04996784607309501,-0.6816657980278324,-0.4466524067067812,1.8042659122510074
1.0,0.16170471291278443,1.0,15.06739954181154
-0.09225953435340273,-1.0,-0.13052228914331487,3.342342540455769
-0.04359330135481709,1.0,0.11423705655040783,7.128645596593568
0.3557199310575496,-1.0,0.3066485181535743,1.2555415987011616
0.05473811333716139,-0.2222311085236448,0.5061227235534427,-0.10479688729415493
-1.0,-1.0,-1.0,3.0678481445063683
-0.6259662361670237,0.4728201879623688,-0.11649913009390755,-1.4992764128877127
0.7835222130628439,-0.1522679426162865,0.3973034032304257,2.9194839786719093
0.5062021317966292,-0.7879035218271773,1.0,-5.363804718133122
-0.5553522132123114,0.8626461540074879,-1.0,-3.6066038021698206
-1.0,-0.44185098818456137,-0.5617940399468337,-0.9876755672614823
0.9970053949998796,1.0,0.8786018813254441,21.137983259246884
0.32396508468473706,-0.5360146736367413,-1.0,-5.786237588760864
-0.298014237462084,0.05664930937808599,-0.29571183511483357,-0.5331782366151105
0.37640190658157846,-0.6475053722322133,0.0475170167812462,1.2990313187963358
0.20113553698825082,0.030016258675028995,-1.0,-2.7259724770137006
0.023288985091750813,-0.862524386315366,0.29617582628292993,1.870103383845731
-0.46806935935882876,0.3896330204643066,0.18750510076328264,-0.8895508892477666
-1.0,-0.4305553287223671,-0.05372309106607598,-1.9980029293470722
-1.0,1.0,-0.5873430046124339,12.657241710839553
0.28722282752475725,-1.0,0.7607162473676972,-1.7800771627764984
1.0,-0.408605486704805,-0.3432150041076609,4.061438418565818
-0.4087594244606514,-1.0,0.49729661171853534,2.279504710088702
1.0,-0.6078560815073859,0.539856227029617,4.14664074647487
-0.7950551029110289,0.902530146653854,1.0,12.830699422928273
-0.4780169644338166,1.0,-0.12932291378873217,6.077628349338976
1.0,0.16361889004713936,1.0,15.75701205017595
0.6933424495591045,-0.0018198165471630112,-0.5953048507753285,1.3736477333755466
-0.20363482071552919,0.7919882989008413,0.9452258557989133,6.5335149212609815
-0.5195572336180829,-0.39572338697169407,1.0,1.5702174322471607
1.0,-0.49772159917932535,-0.1469664774732391,4.211523442172768
-0.34124626742130504,-1.0,0.03247575418860826,2.6788810877370217
0.12843173408470276,-0.4903657128171339,-0.008177507916200533,1.316060148809857
-0.21885914563332398,0.4294764571903318,-0.18315238370053222,-0.1935661971891026
0.3463972626823604,0.4229695649032532,0.6790998538180162,1.2439759434282993
-0.8238592030474463,-0.1534837912702529,-0.963059378077336,4.703314952843888
0.050267537919120864,-0.5944436057647788,0.17960103668384542,1.611194971816356
0.21794795086135066,-1.0,0.45463933170152004,1.2239039555729778
0.07141356754342221,-0.2913528429758667,-0.5013307508603881,0.8877464204327716
-1.0,0.24023112848068484,-1.0,14.409182624273695
0.35107681725637185,0.19914467725176177,0.37723167417929027,0.6359124392335325
-0.029501572033982404,-1.0,0.39753815321495733,0.22655638802661504
-1.0,-0.5652998570126346,1.0,10.189177624923664
0.0522955787344217,-1.0,0.7088972940427483,-0.6880559205651764
-0.04969324238376749,0.16882291852589093,0.9015826101504136,0.013790127361447857
-0.326299137466348,0.5725894416260537,-1.0,-4.12086611979727
-0.5157171348450882,-1.0,0.15482769172005306,3.571471320109275
0.4019361588145225,0.5382788460671089,0.3035005615771722,1.167062167972231
0.28657931801243963,-0.8563457382746877,-0.36088008911153957,1.3335677936036374
-0.0864006521593359,-0.029298632992230456,0.3864949740802679,0.19178271689008403
1.0,0.3059563895029498,1.0,18.08663278105094
-0.8850196322400439,1.0,-1.0,8.579354918188887
-0.1977308382792533,-0.22937410220513854,-1.0,-2.8890369506107096
-0.006450975321956376,0.023903006995895204,0.6456134642644789,-0.5438442976180363
1.0,1.0,-0.636674249028268,23.188562699664732
-0.8674695192951754,0.0763422580482962,-0.8414801853652256,2.887063954905614
-0.11310073441078816,1.0,0.37064985628156677,7.1084400079098895
1.0,-0.13951000581087825,0.7294717885573501,8.062758811492587
-0.5979003808508647,-0.4894084114800141,-0.5042215280149658,1.3537775724585146
0.3718414358943265,0.7758981606289903,-0.40062540699496774,2.210125408794794
0.4335479760601173,-1.0,-0.6542374950347662,-4.822516800022868
-0.6098593302773092,0.48380635626218305,-0.11644234154613708,-1.6752892155380161
0.7997932504476357,-1.0,0.0907214711026143,-3.643223677310771
1.0,-0.0395515503884325,1.0,11.565702074539805
-0.3697544225166942,0.6217266106172081,0.2482351075044309,-0.2877859227223642
0.18512168012589325,-1.0,-0.5664457714711482,-2.3192157024097266
0.17735604141466932,1.0,-0.568669187482369,10.593210791805497
1.0,1.0,-0.7772027587311614,28.96772304276539
1.0,-0.47138876624047565,-0.02078975249275339,4.2210861464287275
0.5547589352572435,0.8041912911798224,-0.8071859049986754,1.544587045165584
-0.14483103236225703,0.7079025388517948,0.11785112406538989,0.3181363861013462
-0.5137021661090675,-0.028504505507640943,0.7355789473292249,-0.12981841808783323
-1.0,0.19503149754176885,1.0,3.9936482521457246
-1.0,-0.31443776180678884,-0.22687449033264717,-2.6816193883294703
-1.0,-0.1252176746760616,0.15939360835721295,-3.8074572081961198
0.3481207151953787,1.0,-1.0,5.9196950655590905
0.9998659908746927,-1.0,1.0,-9.772638673999474
1.0,-0.3817390292953067,0.5907738132140841,6.58495775764785
0.4082359345315991,1.0,-0.7038812513620079,11.73688119740518
0.8888631078760043,0.66681268470976,1.0,16.537371989062812
0.015202963973189432,0.45675944453010797,0.46258350669792203,0.2357222181326453
-0.8591476348834133,1.0,0.30706679241211843,1.7260637177478118
-0.08388711764439982,-1.0,0.941033217843875,-4.740427734899471
1.0,-0.5769885867668461,-0.287602156411904,3.2932505697123964
1.0,-0.5713763509428649,-0.7115144345752538,3.5617736662685555
1.0,0.3564420987488779,-0.12443961668615233,5.7244233604941
-0.3552030029294324,-1.0,-0.5291337737864885,-0.24549772131800157
-0.9923367426210414,0.7476702499047598,-1.0,18.59561462889991
0.25854892444098265,0.8595067813571089,1.0,7.969785852246987
1.0,-0.4959035992369596,0.7220211900250608,5.617165060949507
-0.5977956805576092,-0.15384063010759363,-0.27445433556626386,-0.2866698409323317
1.0,-0.42632888141158864,0.7447702131801044,6.662979413981379
-1.0,1.0,0.25011853933125616,4.381573558829068
1.0,-0.191869013786095,-0.45956885549481585,4.767235198006015
0.788714268196034,0.25811187701990956,-0.7173787950269284,2.7627275947282195
-0.7950674645500364,-0.48825878946528833,0.834994511949303,2.675510768195296
0.5982251426312768,0.8968021286181926,-1.0,2.1949044985109434
-0.8001487012429305,1.0,1.0,16.113450015103563
0.12964673324044118,-0.04741975322173397,-0.5445314259950897,1.0154527548810588
-0.9667857012546539,0.7336812547778411,-1.0,16.46145867233024
0.24148057445357085,1.0,0.9127684693358287,9.855297970651776
0.892452296469759,-0.6414348824916052,0.46002201152337774,2.1027828481315205
-0.6723741620372345,0.3298600337402726,0.3396057028687218,-2.6275904139466753
-0.9167381421603826,-1.0,0.10205867245482336,8.556645118100258
-0.5257849952345515,0.17036122299855982,1.0,2.1867573819255908
1.0,0.19251620412302728,-0.5272193023457994,5.031510274425974
0.6816028170735764,-0.2284809797139995,0.2642629682594153,2.377510729725266
1.0,0.10115937840545675,0.6098258675236681,7.730352479636293
0.23374034322646886,0.4512259927229396,-0.3556822597708138,1.5307643918282656
-1.0,-1.0,-0.7900435212215453,3.481172724632176
-1.0,1.0,1.0,17.292464907285492
0.014306878169088044,-0.3304044420336756,0.8648221617111125,-0.35233406733297623
0.14786156355567548,0.06101164310977092,0.625125380359943,1.00934057154582
-0.7977499327947799,-1.0,0.23319078880911093,5.76429896612234
-1.0,1.0,-0.7715411048421355,13.330471422723
1.0,-0.006633676741388594,0.3415490937361778,5.72628003170843
0.08863582465492326,0.9794259747135887,-0.03060963357759028,7.274573107080548
-0.5690174361905336,0.6318339827380863,1.0,5.369815495309015
-0.06434819901259603,-0.1133554188314605,-0.007953069505692412,1.0424386305575524
1.0,1.0,0.1391090640147099,12.884153035662663
-0.4236135623972832,0.22002793970544632,-0.5820929353913207,-0.6819335533852424
-1.0,0.2810267968700304,-0.12949176014403885,-3.501321005667951
-0.1564484648493325,0.2898154204650125,-1.0,-2.876754547815388
0.4551531392174635,0.038740762759365444,-0.8320293518887711,0.8888973752030636
-0.009918613073655047,-0.7089509069525086,-0.02580936361484598,1.580929784837787
-1.0,0.11858108337573214,0.573716030720451,-3.906467433260493
0.7941566741950765,1.0,0.7591658363325533,10.475042934741492
-0.6183964207469335,0.39222132038862534,0.17005146233166113,-1.6229115510464092
-1.0,-0.5043891146875434,-0.3123756287989323,-1.2156286404563847
-1.0,0.04260152546873597,0.40703547009546415,-3.7965109921019033
0.19783604853880266,1.0,1.0,10.5214499433387
-0.6488859984038029,-0.7550162317724589,-0.7648282733516334,0.7172030327612402
-0.8528643471995949,0.21337627970728312,-1.0,7.680492833756998
-0.9630547395626035,-1.0,0.12242659982571857,7.685246522543674
-1.0,-0.6629800665121854,0.09255969236195005,1.4795896480794348
-0.7861338835536382,1.0,-0.060587349246159494,4.706252452222609
-0.041119595938371,-0.2615678229753171,-0.17127216472492135,1.7158336042148843
-1.0,1.0,0.1858020535557361,5.226539301252656
-0.5385143896639879,1.0,-0.10991177650127848,5.3607491067207516
-0.07690659370610975,1.0,1.0,13.90055899299437
0.10926656879043417,-0.21026176631554128,-0.7759369181734708,-0.478148391880303
-0.17034797327744244,0.12553642544385757,-0.6294977221772453,0.6658447885908856
-0.25498298627863214,-0.7585933707051342,-0.9430623386795809,-5.5589844198773495
-0.4923731389449866,-0.16585983568121443,1.0,1.4175495352983671
0.12979921181746046,-1.0,-1.0,-19.17628939380719
-0.11338949159844303,1.0,1.0,13.408523355196667
-0.966003762673286,-1.0,0.0893944603792245,8.478926967239204
0.9028908196627476,0.39123609263065906,-1.0,4.935459820278989
0.7585083343138279,-0.17755945428110875,0.2862079580593384,2.737497023148168
-1.0,0.794114452348353,-0.425443654257901,4.887234378518535
0.3003438579929931,1.0,-1.0,5.578239505779007
1.0,-0.36538229949342615,1.0,7.1529969803564235
-1.0,-1.0,-0.19455818271597525,7.150303280695432
-1.0,1.0,-1.0,21.05480341003198
-0.1460468779836146,-0.12380345970488627,0.27864470333955116,0.8314251773303438
-0.08305730510104459,0.3607548968866343,-0.10571211054125884,-0.03923642972953663
0.6767900667148181,-1.0,-0.3778755411876751,-2.979626023019896
1.0,0.09255195668177363,-1.0,9.243871817464663
-1.0,1.0,-1.0,21.815150482086114
0.9805158982036726,1.0,-0.26080001222875104,15.339347562065294
1.0,-1.0,0.1579715886189179,-7.838600078889059
1.0,-0.22193810714575402,-0.30382068015886876,4.632481355263916
0.007717537342355696,0.6155626923727398,-0.5030516650647705,0.7111922864309502
-0.5047261195409114,0.49638075533980963,-1.0,-2.3763266157432668
0.5031061181580003,-0.5261052649180484,0.3587639197203192,0.9991822748026843
0.0138614378032198,-0.2749031561759008,0.902611292032794,-0.5512510948808358
-0.1781145394991892,-0.7462654733258025,-0.427681818340202,2.508037043219866
0.5208642773215126,0.7030449008117259,0.09768142266303603,1.8480964965578712
-0.3975760385946283,0.6800012737410239,0.25411397066522756,-0.9566820997148084
0.1398285502788006,-0.8024922849342855,-0.5617674004549824,0.08076344934331425
-0.46059917609698386,1.0,-0.13255162366643036,6.978422587612308
-0.4764379569106063,-0.3219204547448473,0.993738351060377,1.4341554136464139
-0.9599986465086883,0.800203504069513,-0.6991301958047338,5.281720289600797
0.9236459203472098,0.2009074038480969,0.2226136635881273,4.018752904466399
-0.45166306319085847,-0.485039829052218,-0.12406732718760227,1.2827109921003919
0.7373760125598969,0.3706320449099678,-1.0,-0.46157762998820107
-1.0,1.0,1.0,16.62822668549022
-0.22765290042184505,0.7460052239868264,-0.5670935285721108,0.07953890566881855
1.0,-0.5219014627999725,-0.28444280937859734,3.9268983514198297
0.7028257197301704,0.29043357805584313,0.3721412885879789,2.5426420621746293
0.01474516779032764,-0.5074431790183032,-1.0,-5.802813980432872
-0.7956290615962511,1.0,0.4248290678043418,2.3844414722255833
0.08980169082642586,1.0,-0.5012059285140507,10.023619455582764
-0.4361786244370589,0.4338338176676937,-0.6378183083730729,-0.8403958976854489
0.21229044738877412,-0.2853810329379658,1.0,-1.4366585293061807
0.3552665336610543,-0.9741360875606542,1.0,-7.246259894668625
0.21216575802788085,1.0,-0.35897073096066534,9.724776609217676
0.1930408046745058,-0.42019043628919683,-0.4753806910185292,0.5025387971590068
-0.1561682639160129,-1.0,0.14684887721985707,2.5544545964301877
-0.3676512106780936,1.0,0.2518326001126856,6.023013354778398
0.7931715544256521,-0.6755833853450919,-0.06146368903168242,0.3439033311046483
-0.3821093263354618,-0.46436981969000524,-0.019085141367858105,0.5533626276492057
0.3522331581222744,0.0823749878146629,0.31703679165823595,1.37239041850783
-1.0,-0.4309221833247996,0.5462838956909153,-0.33671165361567496
0.03207673310965009,0.40773248591686984,0.6551300934012025,0.22376772596198113
0.2152660265804236,0.7188248159930553,0.3077794539361609,1.1732743432848276
-0.10396739787286502,0.9728827825517494,1.0,12.964113406150593
-0.858141882155055,-0.5614601355639184,1.0,6.378919304413939
0.18270248183174775,-0.14869740794544217,-1.0,-3.5751764656835108
-1.0,0.8714000834133391,0.3997041490218336,-1.1368076739523973
1.0,1.0,-0.9874157428875125,37.83405555084117
0.0025028408050979944,0.769639716515929,-0.782402588927448,-0.6625323892649911
1.0,0.08709726976990706,1.0,14.302946631689723
-0.5089519881948465,0.9651904875949355,-0.8397691163542584,0.7682706748463691
0.5918804360732892,0.3242159430647964,0.36637713469990163,1.4595979260359033
1.0,-0.007506035269717826,0.006375071690703615,4.884535208315944
0.3522895512105466,0.5156228563502949,0.30460826558603915,1.6131088308674388
-1.0,-0.6571425825131485,-0.4444698938803173,0.4318207128676032
1.0,-0.2052349341329589,0.2051080907011522,4.490082058362111
-0.019101937914296263,-0.29367289486150105,1.0,-0.5902279496665188
0.934084889425163,0.3880077410048268,0.3561609664709777,5.1746510909545265
0.5238106726807372,0.2132035390860112,-0.13103848665009066,2.1003809364976123
-0.16941803294147606,-0.5149629885816454,-0.9374867906036157,-3.2027274715078424
-1.0,1.0,-0.5884622182460808,12.262048216140675
1.0,1.0,-0.3671797887286423,18.665014206047843
-0.24061394581247209,1.0,-0.3061958378697822,8.482531727830791
0.6118815900811689,0.6736751668128194,-0.8244492721588574,1.1321044265618376
-0.19275467522652034,0.03633415664630513,-0.4169051127743493,0.0451429777743268
1.0,1.0,-1.0,38.70330410516898
0.917611026501626,0.5155756466811181,0.1406843358160208,5.245209292595138
-0.7770140920105106,-0.648007658348364,-1.0,1.2886738843958305
-0.485506358618254,0.47467402689695803,-0.16802097494704205,-1.274449736534302
-0.5804921264333376,-0.40670203678159433,-1.0,-1.059945604027951
0.1414561816424844,0.06703570529081215,0.4039444594708328,0.9859346904135325
1.0,0.00935763683725277,0.6572859958423045,7.778064461551554
0.034496604166132094,-0.7734544875290823,-1.0,-9.829905754621924
-0.8967895925842952,-0.05105922156657283,0.10706641593384503,-2.619523973197691
1.0,-0.7124007068478218,0.7544460771096329,3.36617752723304
-0.2887048840895765,-0.9044486811206542,0.6929340535014206,-0.39752898299730344
1.0,0.18662941178067904,-0.3759103264126129,4.10171931602007
0.4375004411688337,-0.2830861242210525,0.11063663267149382,1.692817762155482
0.14609213229985918,-0.836159391533619,-0.06032901177459449,2.06765061974344
0.173071591959306,-0.5136651673870769,-1.0,-6.08396122546667
1.0,-0.9204651755864905,0.9604253685940614,-3.3459103565232606
1.0,-0.9478940295481928,-0.8753058712849868,-13.242723552554397
-0.43867160138009353,1.0,1.0,15.552450570611743
1.0,-0.6168176963755541,-0.26581919563057155,4.025914109674873
0.6138366265465169,0.4787000403697308,1.0,5.019923005159821
-0.19348755040741472,0.31584569620515257,-0.9281685992876134,-2.2226077456182605
0.0020929988061053617,-0.12148218877334505,0.39537058222969734,-0.08906302077979672
0.29202375575119355,1.0,0.2567267419881931,6.903096974748072
-0.9628529922952414,0.6510521278150014,0.39207810573800406,-3.6905170424763227
-1.0,0.9581324182136797,1.0,16.194617708917374
-0.452806592911114,-0.3594840976184437,0.6976585220688221,0.0595578404056753
1.0,-0.25429939134951596,-0.9739118011551584,6.472526560226041
-0.08796301699959175,1.0,-0.5773877581425366,8.642255709502024
-1.0,0.039268774404879636,-0.45075149431358574,-2.5705230075766483
-0.22977585193558014,0.5009412059320781,-1.0,-3.384803483240871
-0.990654573253307,0.7168485800364806,1.0,9.345869585060427
-0.32240514226942274,-0.7575179791876483,0.9113130171606381,-1.2509755886303109
-0.17837136526104658,0.45149465119482013,-0.26107519613255215,-0.7514019256253932
1.0,-0.4033285166019285,0.3927835866603233,5.500647904050528
-0.8769384200566954,-0.876440530820277,0.5466423568840846,7.065990293152428
0.8756943675043023,0.1734689512065486,1.0,8.978336759783705
-0.6625640412349325,-0.35872450409305023,0.7702712996956336,0.6879481214835831
-0.5526947656911043,1.0,0.5656766998008014,5.515808359316494
0.11290880321669006,-0.49827565122312745,0.9151872911834122,-1.7460421625608156
-0.5768335516524341,0.019891126748667887,0.2044086554867226,-0.8288099907705954
1.0,-0.038042193709362015,-1.0,7.666427966216803
-0.8049747608821909,0.29383725293911955,-0.2587144611962895,-2.7142919843019913
0.5770603618423278,-0.8637320202959009,0.2644742641772664,-0.11985899441083858
-1.0,-0.20345971692754228,-0.019929128531561924,-3.5460127444358607
1.0,-0.2186722764180442,0.1416451584505558,5.207695214948176
0.006077474479924572,0.2511974315797041,1.0,1.9635222893843822
0.6010158038564648,0.31009618302944997,0.12423536057130757,1.707799733587158
-1.0,-0.5239553597330833,-0.0008353005038364003,-1.033214181090031
1.0,0.02175895092800917,-0.7503980857428956,6.199654816006115
-0.3735890183250714,-0.5226755765761952,0.44513803917183936,0.9811232377238552
-0.1363766617353641,-1.0,0.09503595882630789,2.4600126073156994
-1.0,0.9893337087505703,-0.38133132910260237,11.371489816054515
-1.0,0.17609909661064083,-0.12237208770531849,-4.443399297913605
1.0,-1.0,1.0,-10.302008089297239
0.5059345793426366,-1.0,-0.05812795518803071,0.19066976676249703
-1.0,-0.4597441958148689,-0.24857843881025588,-1.197716325865899
-1.0,-0.41363820711354005,-1.0,6.839581029080245
-0.02996401809393312,-0.181203972611236,-0.36091519296172136,0.39442839607736213
1.0,1.0,-0.5826299982142971,21.689269445124452
0.3577946294697254,0.45510176819696757,1.0,2.7327985822846137
-1.0,1.0,0.5467084385944629,1.7191336625258467
0.9175884098958191,-1.0,-0.530970939335762,-9.107209064253377
-1.0,-0.6413346027596238,0.3422331461584718,1.7688178133136971
-0.33062069423132656,0.21119568627458296,1.0,2.300879047932988
-0.2645234145724882,1.0,-0.824095367722379,6.125540222742189
0.9774653935344308,1.0,0.6359172768966517,14.534450624574209
-0.4129833785824073,-0.7071024564979649,-1.0,-5.49019811055607
-0.3992933241561223,-0.21169052108397635,-0.3867929653302391,0.027896407667021894
-1.0,-0.29694404186547496,1.0,6.3238653964719225
0.8730252948224608,0.36520232313041734,0.3857520508393151,5.126041975786515
1.0,1.0,-0.9729528949713893,38.47375199522834
0.9631255338731533,-0.4001693365917627,-1.0,2.341566614040393
0.10908866737716938,0.15533979535480413,-0.06412310691642387,0.6729651629082236
0.2839909190686465,-0.021099255152638108,-0.6483073825608885,2.0424857949557387
0.4375499739583244,0.2081380853388104,0.28941557773863025,1.2666099916108393
0.08086794728496471,-1.0,-0.7096604232331889,-4.644587348210178
-0.14765208566954757,-0.39070240581197835,1.0,-0.7126078144736875
0.43942389633357704,-0.011628725301046972,-1.0,-3.4042183299015143
-0.5566308877442914,1.0,0.2765901139459044,4.392531055694587
-0.15115729585473803,0.15558534004820257,0.6826200848698847,0.4453006860811599
-0.5654832188375094,0.27794887293104,0.5170307363858149,-1.8296636963812116
0.8470678901453246,0.24190520023663464,0.44818726120280594,4.102397459549223
1.0,-0.7933108893940273,-0.3852048072011638,0.9839615834791671
0.18592973521951794,1.0,0.7251990694217529,9.281679174465319
0.3342646334451478,-0.21557443761425232,-0.8812847610130374,-1.212805384917281
0.1508551848210793,0.6980874644437558,0.31238973564811623,1.3902807602025145
1.0,1.0,0.07688883584298245,14.151442413265583
0.3811825893427354,0.3643447368144568,-1.0,-2.7744407182621
0.5124719211330722,-0.21150201604207175,-0.3452156816527565,0.7631351597103674
-0.8935100169409882,0.42804373203129,0.490756754984472,-3.762607360052286
-1.0,1.0,-0.5776567709628901,12.573370769962654
-0.8787345881836048,-0.056628393868421556,0.5943937128283465,-1.7164128501218605
-0.1645630570562635,-1.0,-0.2332608272065244,2.594205544894845
-1.0,-0.2542402696203976,-1.0,8.076321175656059
-0.0014358973284429588,0.3244828775375659,-0.3715215883661114,1.4137852987162094
-1.0,1.0,1.0,16.87154728458079
-0.752346340395377,-1.0,0.7650498922881535,6.652484012547807
-0.25637163822093867,-0.997053472763948,0.4748568666868782,1.7003770222450494
0.3351152646166091,-1.0,-0.5394995513608065,-2.520317779348762
-0.9226014122323374,-1.0,-1.0,0.5752524839136726
1.0,-1.0,-0.12304692836827757,-8.712204054341123
-1.0,0.41384942438406824,0.5328834315186117,-4.4387660751977815
0.7247386350607277,0.9695135876905336,-1.0,10.182298980686463
1.0,0.5068630605414297,-0.5334996777565684,5.13972085572315
0.991748392517414,0.7391514571837587,-0.8041370572757938,11.213093723595271
0.9531742938110526,-0.45803249903353005,0.35691481166650774,4.301846614668209
1.0,-0.2047211847045609,-0.858509544153961,7.052944732891898
-0.23103283749700387,-0.22334112539130868,-1.0,-3.0888005728267864
-0.9367771500296078,-0.5200917213433585,0.023174202232094876,-0.02208800842490604
0.6515270625842573,-0.594979668790713,-1.0,-8.168339646422526
0.8534003907414776,-0.6215278145329393,0.48290344838738664,1.6953849484525088
0.6246020557720227,-0.3210924433225977,0.005039141313876616,0.6713408651448318
0.9228734843926443,0.08148906081866802,-0.2130253305378942,3.2458576290708137
-0.06756240731961394,-0.09687009070541452,1.0,-0.33038460740011616
1.0,-0.8086237062037711,0.9974977094693944,-0.7739681461510441
-0.8073926276486054,0.3603885180867117,-0.2735434494420754,-1.9089846892182294
-0.2225908332662785,1.0,-0.4842286727676932,7.638985030431936
-0.154276950587241,-0.9325620386345703,0.6515956039805157,0.09691531193244324
0.7580253721218131,-1.0,-0.8875386700007557,-17.795357579748064
0.21777928815061132,0.9089335740963593,-0.5411511058407101,5.7066127218577565
0.11561524880742269,-1.0,0.0694934870558861,2.650972980140777
0.4520448372190118,-0.18370269732838063,0.21905089656528176,1.9339931566320043
-0.37861473297362336,1.0,-1.0,2.2556369578575293
-1.0,-0.2721183092497923,-1.0,7.740711264062658
-0.6351077577213575,1.0,-1.0,-0.11673463020373676
0.2792058018909689,-1.0,-0.15222811573604877,1.1054987480422351
-0.5193179452591383,-1.0,-0.7904833353138654,-4.84964119559073
1.0,0.29619357043738725,0.13850388060136232,6.116479646120952
-1.0,0.5837143670881462,0.5412731833920272,-4.130959260457788
-0.020342046685644988,-1.0,-1.0,-16.832821861585433
-0.1318084359588716,-0.7963843986596086,-0.41201489699965,1.5319096186616885
-0.09203036136157228,0.1862757568408684,1.0,0.9677829842846835
-0.06289948260197864,0.47170890889597183,-0.528785095496614,0.14267992181583897
-0.12532935152877656,-0.13669667008769237,0.2797602443445424,0.5563409896175051
-0.8632803221673144,-1.0,-0.12245297754112094,6.569892414232684
0.7333470010789753,-0.7834217949887612,-0.03982243738634472,1.3466753778856153
0.10706372986793289,-0.05611925315262423,-0.9919716645818926,-2.8523762267279125
0.40144017785112784,0.8469263107400449,0.06434140018560286,3.010634132802129
1.0,0.069563668882628,-0.15997826169660945,4.545535302750758
0.08957901459450368,0.6870277907326341,0.2715031783527766,0.9707585867731797
-0.17167498715935703,0.9859820268384185,-0.03371969317326462,7.280384534802744
-0.5017267253733508,-0.6924950680423603,0.43244198272274903,1.678660152108867
0.8205558644319371,-0.5556790768569508,0.07288111196117608,0.9848479624234163
0.17373207791811418,0.4685458206998032,-1.0,-3.3864230371102333
1.0,0.6359717341880782,0.5618242810548904,11.43471194149523
0.47782607506267394,0.6970892712870549,-0.4498349270197468,2.5544826265312697
0.40588122424003426,0.7661705205761538,-1.0,-2.236905745295025
-1.0,-0.801312554226391,1.0,16.389742704644384
-1.0,1.0,-0.20424230330620596,10.700821732175209
-1.0,0.37891341126452605,-0.164901279047456,-2.9493789532069274
0.039301679094839725,1.0,-0.23901766575011196,9.957240433815349
-0.4901786930295724,-1.0,-1.0,-11.095398750617349
0.3175752593764305,1.0,-0.6912393136095609,11.565985993066048
0.5645741463527798,0.6738195631690678,1.0,6.206319978933919
0.5651789882214109,0.4540342943502014,0.2540524170288374,0.8295090830190044
-0.280893292422534,1.0,-0.036901217307170775,6.515497169991302
-0.06586585730758365,0.3478415770309804,0.7902743742276921,0.3665590041754093
-1.0,0.10606012279051646,0.5500932796998632,-3.5396144030860373
-0.18819808435215957,-0.3978172426287354,0.9811922329581053,-0.6033651924326703
0.5226143708810396,-1.0,0.2640032313357854,-0.18923656322224847
1.0,1.0,0.09715891656663267,14.179800668854156
-0.04651013217141409,0.12577548448354392,-0.7268576283686008,0.1640560941711014
0.46431410328689626,-0.2735422866427608,0.7662069972333765,-0.8658895053718649
1.0,-0.5981707085958237,0.9671953580550305,3.657129378185061
1.0,-0.26753555275688723,-0.05668915473389169,4.195672143009073
-0.5794102495753382,-1.0,0.04279570606992422,4.075888974307653
1.0,0.5477284500690061,-0.028916085611909947,6.738727796324324
-1.0,-1.0,1.0,22.44986268645381
0.6314595116800601,0.7072420784680784,-0.9782135856666481,-0.41883565876345186
0.6649345738502395,-1.0,-1.0,-24.92502095097199
-0.7993882524099449,-0.4011622078549,-1.0,2.871623550318576
1.0,-0.5763938228922518,-0.5313909303706044,4.436856563796492
0.17307991883802964,0.6040885092116919,-0.7900059029818347,0.23316699794209272
-0.392674277288104,-0.3345498377816465,0.3435113840693309,0.507134312892994
-1.0,-1.0,0.3505116051937549,11.636853202359944
0.1038918393896271,-1.0,-0.9816763725220439,-16.927441907003537
-0.5874090553131932,0.15587831242575034,0.39565622952645985,-0.8149731071992339
1.0,0.9851942908119204,0.09818299993032142,13.580619861341974
-0.5969518425782305,-0.2098234835475865,0.0942912932763369,0.2783664887844326
-1.0,-0.2361235326054565,-0.24527803557822736,-3.427635382250438
1.0,0.0503179188576699,1.0,13.374012931240108
-0.6988613083769708,1.0,0.11972827627414095,4.117655867696529
-0.3125055646452859,0.05195299155923161,0.9282890652298361,0.20629549457840277
0.48495763598540687,0.4414470955089027,-0.1149971151978535,1.9120877023342029
0.9933170542014551,-1.0,-0.25519680409870493,-8.30927431330603
-0.6122620788054238,1.0,-1.0,-0.6042054616906896
-0.4631734607500406,-0.4687806886886059,-0.15138668332850802,0.8608993023211603
0.016358564278684318,0.7600104508328529,1.0,7.323487125447375
0.7864319118541567,1.0,-0.29708112208915294,10.25530782643496
-1.0,1.0,-0.25014087066511204,10.702268528621259
0.4990885192495862,-0.5098465919788673,0.9885960994885017,-2.3448055340587466
0.9718470416173113,0.19270596229634385,0.7150617662776428,9.302427389864185
-0.05601664737315004,1.0,-0.2828429271460573,8.189799690679827
-0.5817954920226238,-0.9300816707113351,0.9199984959353,1.374714357423419
-1.0,-0.24409005011056495,-0.39591799739882405,-3.354539749799585
0.5140043808461463,1.0,0.26118956527282666,7.146851860133381
1.0,-0.47290982660898573,-0.31639468345516275,4.801043068553611
-0.15685377736337447,-0.033928474749735926,0.10131419759241767,-0.35794985938567886
-0.568442259482032,-0.9779185303727316,0.15395206821717222,4.372687946979436
1.0,-1.0,-1.0,-29.692060238880014
0.29502621890228453,1.0,0.18415525395319277,7.1589349598976595
0.25520616746477853,0.4449945910987738,-1.0,-3.1990349461537897
-1.0,-0.610833833532324,-0.4456401476355507,0.3502621599824094
-0.2965653427273902,1.0,0.10533272339055966,6.493055721906703
-1.0,0.9753968448698485,1.0,16.60471066788755
0.3718871437543527,-0.44481506831679307,-0.20134935789490505,0.7769178235297948
0.8035202974094489,0.4768014421352289,-0.3774459900368732,1.4748255156799104
1.0,0.11236819420200805,0.9296893594344866,12.638236710390748
-0.40375260278179215,-0.2112671462685547,-0.6332802185085218,0.31658595471222617
0.8266258843502234,-0.13028601200050516,1.0,3.0995196190665966
1.0,0.18078605127444636,0.829972079814496,11.263447109170547
0.9216619686163403,0.7606784207776187,-0.36485562692652906,6.371336607968033
-1.0,-1.0,-1.0,2.8382497298597706
-0.528599160370907,-1.0,-0.5008161302310261,1.4728328000287638
0.2322843081630499,-0.4257379501905323,-0.48010026665308514,1.7169002344270645
1.0,0.8476032328798335,0.01715093451974825,9.445423217727686
0.18249552479038034,-1.0,-0.5326762928781754,-1.1457222266087688
0.84411734540581,1.0,-0.04090631427739244,10.093307142199192
-1.0,-0.040697683788551986,-1.0,9.789941075271186
-0.5044862972539987,-0.24010252078885408,0.37607377336004655,0.47612716873725247
-0.3480152953338904,0.19853757878493017,-0.5644897913866105,0.27114469775325123
-1.0,-0.7217900716787307,0.9033518916356662,12.001170818349078
-0.5211910542849503,-1.0,-0.4504246603265334,2.5697486382460237
0.3597511215260689,-0.5523568122667628,0.5812633166945615,0.6033395869050778
0.5688277953169689,0.07066327172117814,-1.0,-2.116284170400332
-0.015206519647206873,-1.0,1.0,-7.474825267796886
-0.21425970934666494,0.47204355632011774,0.6106674683747573,0.20293228855226203
-1.0,-0.7804434340554123,-0.3230488032592034,2.9669736108498914
1.0,0.6553981727089371,1.0,24.686192597120954
-1.0,1.0,1.0,17.36255116492182
0.03998072849529777,-0.6170498321414251,-0.11357069293124566,2.023838538087533
-0.5529609926449037,-0.33725252213896706,-0.7242707924156127,0.6577133882576566
0.2940255536358529,-0.5285465778232741,-0.3095282584816377,2.094800750916678
-0.3100468834576764,1.0,-0.1045467122357937,7.264668138644564
0.012888981449374004,0.4837768569906029,-0.1782948530284607,0.1582575285147323
0.026820349135913135,0.7732860149337197,-1.0,-3.014406232624197
-0.29498304700087363,-0.8330930765054445,0.9883201381157132,-2.090035166356576
-0.7782831444933533,-0.9059630442093272,-0.6305989771496117,1.9360313326540384
1.0,-1.0,1.0,-9.888669138706339
0.9370071131617224,-0.2242066446925144,-1.0,2.9551473237745096
-0.8520432624506651,-0.1341989306593414,0.14348792363637397,-1.872602466970073
0.11443433751745702,0.5474209300981667,1.0,3.909584753767502
0.030521843437586238,-0.1638304938611248,-0.5184850586630545,0.31646878773327014
-0.4220662822103469,0.6778073680455721,-0.08300033391355699,-0.5207998485609218
-0.049486109441423176,1.0,0.5112113195639039,8.400148602638033
0.7739603548096665,-0.7853705273776179,-0.9266981773139171,-6.96522840476868
0.41311172715107625,-1.0,-0.6080870621133951,-3.5131149638681376
0.3654635009374343,-1.0,-0.9723834431182501,-17.655974086396537
-0.20669991349780514,0.46455842023435334,-0.11483658470364921,-0.6773608199697573
0.07231782154512878,0.5816684716571832,-0.09852799866954554,-0.1369816780821559
0.927083255614412,-0.5484930118779037,0.17313470028882105,2.2641641310708707
0.33774144576499787,1.0,0.5635484079405453,7.394936405912472
0.2696661272250871,-0.16497834265884825,-1.0,-3.268596595830506
-0.18859119060680607,-0.7313503603934726,-0.5324048843142106,1.073782573990031
1.0,0.4870865775695077,-0.22543127293018528,5.938017457360537
-0.20257450561701296,0.3658747374061644,0.663754272060648,1.1580233934629027
0.6000119588530077,1.0,0.16779709966274736,7.114069432785668
0.676068247722557,0.6344880897518714,0.9443702884471519,6.844643459662314
1.0,0.8151799398420332,-0.0627561810055417,8.945757746731346
1.0,-0.5057906465872177,0.5737151566286633,4.998265726409794
0.017725720175653104,0.28767690347868347,1.0,2.505603376105392
-0.05486313080478422,0.21927784491566715,0.219759791796587,0.22715741971134168
-1.0,-1.0,0.9951287241643367,21.707840804685077
-1.0,-1.0,1.0,21.734469845047204
0.0907874553957031,-0.3643399019711593,1.0,-0.1412056431902835
1.0,0.22781723643504925,-0.7954968625627619,6.751011838632768
0.149210610594676,0.10207751096361672,-0.4688063933510471,1.0994003214291763
-0.5140616518989916,0.5606285367283863,-0.45972386407632104,-1.681072983537891
1.0,0.08957269966919057,0.9694979987672894,13.230606305941224
0.17102553241328589,0.5180937649676414,0.6608111058113337,1.517572313891326
-1.0,1.0,0.6256361276294655,1.6194882030486872
-0.9036745903428569,0.3620460095453213,-0.09816264270956676,-3.810547981893327
-0.7030039681259663,-0.2855469777686006,1.0,2.6491252338449045
-0.8828619637354418,-0.385125316206562,0.10394319556375042,0.1791008994419565
1.0,-0.9608367756864082,0.38899589301531834,-4.562576073821302
-1.0,1.0,0.14149413416295675,5.089031661909087
-1.0,-1.0,1.0,21.854821257737964
-0.2265202924689118,-0.4734935826760145,-1.0,-5.377984091776761
1.0,-1.0,-0.3118025361930219,-9.17667451218943
-1.0,-1.0,-0.6131259332930237,3.8050375700637673
0.08495124110688312,-1.0,-1.0,-17.69255868557504
-0.4542643501024477,0.8761297118741389,0.41099927781635115,1.542438291865044
0.18182564739903984,0.09662902772339899,0.4632659699573134,-0.049248775258931565
0.20980274882680594,1.0,-0.3547155202140333,9.627707835135743
0.12848149913094686,-1.0,0.1436737517541209,1.6755804537338488
-0.2059348884987513,-1.0,1.0,-6.1335905184669075
-0.8199028082534487,0.5033133628178093,0.24862870571511486,-4.20071905617931
-0.5420934054483095,0.7171505887679319,-0.3382025224301355,-0.6227002781488059
0.3486917300852528,-0.517622321450075,0.9849442365277721,-2.701712898745196
0.13564148924041453,0.11423784545379623,1.0,0.7748029624351549
-1.0,-0.24633141622179178,0.2759216741182162,-3.3842959152740977
0.03955621032582557,-0.18348044819301013,1.0,-0.6074388475554279
-0.7045555529380958,-0.9647052390539943,-0.7082947129353228,1.2958423925705458
-0.27318440461276716,-0.18413807727075882,-1.0,-2.5462622911628925
1.0,1.0,-0.003089119991346978,14.990528466996018
-0.045995494458308084,0.2682762775085352,0.4341791906831647,0.48864037882176475
-0.7472737615693192,-0.3883382641329891,-0.7315380353886709,1.4682543938386976
-0.5079254317449138,-0.6398735595090128,-0.8318502233128953,-0.8472272181877659
-1.0,0.04048628282326994,-1.0,12.089511320077337
-1.0,0.7714431844099148,-1.0,19.904222070489446
-0.38981778190298977,0.5849425893882607,-0.4482559738403302,-1.1486261555590631
-1.0,-1.0,0.9097583058599983,18.995737661149665
-0.9322915209969318,0.5800351877958474,-0.9309522977667184,9.159174622718883
-0.37879879074323797,-0.6543211264712852,1.0,0.574106869194424
-0.6876148410811223,0.17423560397652094,-1.0,1.3202835981684378
1.0,-0.3322808404943818,-0.05493734226839986,3.4616280357121645
0.08827369694788811,-0.05362243831649138,0.7164101811807748,-0.7149827634912895
0.11024788767442795,-0.8630671635179707,-0.3415051427595137,1.9447159925034598
-0.6497728592659602,-0.1829120961654891,-0.9719351909500118,0.5090455868118304
-1.0,1.0,0.5789407166716816,1.1556421616505228
-0.463783778214127,-0.43775732577971205,-0.0863500720734387,0.9894934395131081
-0.26529388896615314,-0.259027373870913,1.0,-0.29869953243923836
1.0,-0.6527730510577301,-0.741735589467081,4.418936179217124
1.0,1.0,-0.5746804824732221,21.9020086553119
-1.0,-1.0,-1.0,2.22320956235352
0.9325033592182403,0.029365650476994354,0.8687041726863058,7.915223029006299
0.46719257127488456,-0.0884855314902242,0.5095249745848394,1.451463451755734
-1.0,-0.5281597492440371,-0.0494910346708739,-0.5956506994253719
0.15692825813590883,-0.2587592233953584,-0.24068209266150653,1.5923965524007488
0.5325503124017872,1.0,0.9717757937220297,9.392339842576892
-1.0,-1.0,-0.5862074249786253,4.318757971652818
-0.4941415148879673,-1.0,-1.0,-11.961939651826095
-0.26605279907226964,0.12223393622380496,-0.7325758787692915,0.0170365632865023
0.2113599054128661,-0.7430087234693199,0.317305725762854,0.9441539389550272
-0.3352620615338573,1.0,1.0,15.456487052000684
-0.25961260060591296,-1.0,0.43139786875923636,2.245446879417656
-1.0,-1.0,1.0,22.298641751944835
0.30496943293402445,-0.052011620904361955,0.8214784279904519,0.38499707186545584
1.0,-0.26742336742953543,-0.3082357172931198,4.696607929853029
0.9746240838566282,-0.6486962939676353,1.0,1.8143092225444648
1.0,1.0,-0.45812571354194853,19.930871651166555
0.08164353778418554,-0.26511482081937365,-1.0,-3.0387489231277867
-1.0,1.0,-0.28389864036104173,11.032555462758971
-0.6637060872861569,-0.01103126161108614,-0.8578929762929015,0.9727749800027892
-0.32191580528781705,-1.0,-0.02810590139890623,3.0323780952951638
1.0,0.07092608515862153,-0.07415398036218068,5.575009329390379
0.3297569312435811,1.0,-0.29819095042467225,9.599562092881557
0.9693996445151467,1.0,-0.06958672656617115,13.52152078746655
0.4060488505611315,-0.6476667500744884,-0.024881401281552584,1.76487966552418
0.036069891811760124,0.736736225044514,0.9107271709648326,5.289577671472672
1.0,0.6933295043319498,-0.2350704099957659,5.5710940918450005
-0.3732712059220691,0.10796456717238989,-1.0,-2.384247756911719
1.0,-0.07457161793544298,0.8448288122449525,9.085552190891399
-1.0,0.05126134960261819,-0.43779387207600284,-2.457008051561999
-0.8112319757441162,0.11414270725492148,1.0,2.108583532916886
-0.23306266051717284,0.9689595146690086,1.0,14.518266763378195
0.24714085784836448,0.17401108991975933,-1.0,-1.7435252395406404
-0.7010876597582589,-0.17292066486942548,0.8321677402907903,1.2189873818946586
0.2704832593194879,-0.11391373039185249,-0.9291401887944928,-1.279302141448374
-0.08731585327955327,1.0,-1.0,3.8029766909084977
-0.20954890987985686,-0.6577492095313726,1.0,-1.2487843085479498
1.0,-0.5887967034491335,-1.0,-0.5777077199160314
0.20484587179277525,0.25667184317103064,-0.57666359054769,1.1887521156033838
-0.35956823352038914,-0.7728170065937661,0.4184046770532075,0.5898080224041262
0.3922139175742507,-1.0,-0.10890515642704446,0.9545199540606479
0.7879907974602771,1.0,-0.14166819694731192,10.52503963174255
0.05792968621204575,0.10402258930134667,-0.6619385265870654,0.29415970382724105
0.9278629529653915,-1.0,1.0,-8.760768710754387
1.0,-0.7724628277675913,1.0,0.13921061230081094
-0.1173715760500027,0.750170263933253,1.0,7.086798368808209
0.5814889085261468,-0.38901487189150763,-0.22425363207264426,1.599549206403291
0.228070792216009,-0.04399462446825941,0.5994625032591032,0.8369289938099818
0.956546406275977,1.0,0.5606974109170626,12.879321882798584
-0.6367150409710594,0.9807846889182736,-0.03715343851353725,4.120279083715065
-0.992052646999998,-0.9020737336314713,1.0,18.64421460148314
0.13316296879709122,1.0,-0.023053359244179505,7.715216375467408
-0.4971397853840016,1.0,1.0,15.962165520012842
0.6148349330293934,0.1787669271315444,0.6421227048886604,0.950408922442375
-0.0772023619345954,0.4848635033606514,1.0,4.075109172373578
1.0,-0.8548832768567349,-0.9187143107617679,-5.614052515732743
-0.7945094733572342,-0.25959899994169633,-0.7500642426259836,1.1183984857538851
0.21948854864671907,0.5786361738284078,0.25829502490866507,0.47763510423568506
0.6428773948335618,-0.6659797119944575,-0.7365215628881217,-0.7645973182108743
-1.0,0.7662165630045117,1.0,11.14388152194112
0.6396275038210697,-0.8153969856162131,-0.7416595883418868,-2.278157995006782
0.3655542475093623,0.6478176919833356,1.0,4.0207540306768434
-1.0,1.0,0.3404506016179645,3.6194420071101874
0.6383027837362618,-1.0,-1.0,-24.872677669631464
-0.18049757429371738,0.8797133279566907,1.0,10.717620647318437
0.7603253906002843,0.0482288070622785,-0.5540601660408118,1.464787465064392
-1.0,-0.10178153495328868,1.0,4.109552012396866
-0.9673834999988282,1.0,-0.7682158199631683,10.542610219716641
1.0,0.0522497596625946,-0.8973967341332068,8.446056512620304
-0.5090003370422325,0.8733977514327491,-0.48817103666288575,1.6048907838634836
-0.23747528980449917,-0.06864008245529618,-0.6324568094236225,0.4158528991920918
1.0,0.8726102343790934,-1.0,24.3301785660739
0.4484339425770887,1.0,-0.6940222404861793,11.467043306839257
-1.0,-0.2974162278204251,-0.5088411266322843,-1.659354643193272
0.5302178068409182,-1.0,-0.3463271611376588,-0.7893426264108931
0.27389951467652596,0.13675468170241545,-0.23801299743353388,1.8563568090620801
-0.22409595640872393,-0.7433758072895738,-1.0,-8.506168668268886
-0.7990061938096484,-1.0,-0.40489851315738723,4.3871428509052
0.6274003570670064,-0.9958806605364323,1.0,-6.701954244138209
0.7272352746401791,-0.5731705586993912,0.259547598968048,0.7766521970148268
-0.7622565512427588,0.5519676782963547,0.25942728473477894,-3.895004267152567
-0.3237545323033435,0.693450756817422,-1.0,-4.748930055514716
1.0,1.0,1.0,25.6398769830334
0.5679919799352797,-0.15162478233358412,0.47239515314886127,1.3406046178144717
1.0,0.006781938704412349,0.9703582822664134,12.036320815328628
-0.11302651926501905,-1.0,-0.2523231479265948,1.9972352784133842
-0.3796774200990023,-0.1815311186358053,0.17129720893439804,0.39483908773091414
-1.0,0.17571016911518078,0.18945938421011976,-4.667742156775682
-0.3916161311495123,1.0,0.3918173851915725,6.511321198328953
-1.0,0.7445914188836651,1.0,9.418478067316208
1.0,0.32827771363754543,-0.6809053895098771,5.4844163136236945
0.547958572956823,0.3787366446454594,0.06911813133517808,1.3247160234558728
-1.0,0.7695521747400413,-0.6785735299814275,6.657609028170508
-0.18777031599036786,0.08533276298377679,0.6930652908354686,-0.26901758401533804
-0.3548848437287071,1.0,0.0016601495817829548,6.456363007689709
1.0,0.3920764882570671,0.22599160685419561,7.5913742952669025
-0.7411286364695204,0.9768444291165919,-0.7042395211950299,2.3100070529449694
-0.30376910307270233,-0.19314117901773487,0.9981644497576703,0.03838619665874682
0.16278651104954056,-0.42439870467794094,1.0,-2.134790801647756
-0.5578820989295878,-0.036631359101554795,-0.017149059565476632,-1.0027705929418078
0.3536893005530306,-0.34303404951323757,0.4455604590166633,1.3819529265201798
1.0,0.864473717767644,0.5242766373525138,12.934547536007173
-0.5816281312118627,0.6607857771497525,-1.0,-2.615230799966576
0.14370323395861107,0.4097448877317884,-0.7268946287145772,-0.2336113284789319
-0.46885954587214784,0.10369603466690669,-0.03360240047237206,-0.9860580112830253
